{"0.05": [[[19855, 20200, 2770, 2655], [19919, 20063, 2593, 2672], [19753, 19603, 2905, 2553], [19947, 20115, 2753, 2580], [19845, 20256, 2611, 2570], [20214, 20552, 2642, 2420], [20104, 20094, 2702, 2550], [20080, 20119, 2732, 2521], [20089, 20175, 2740, 2474], [20123, 20236, 2697, 2747]], [[2.77, 2.8], [2.74, 2.7], [2.415, 2.62], [2.54, 2.615], [2.755, 2.61], [2.76, 2.43], [2.635, 2.675], [2.6, 2.385], [2.7, 2.515], [2.55, 2.68]], [[0.1464428769905494, 0.23684240075892046, 0.2203576859331447], [0.08402457411183359, 0.09513888383356463, 0.09210191466718398], [2.1506989215660894, 2.017225137810637, 0.9546512587777142], [0.11269912968011607, 0.1264078083499106, 0.24165089736656756], [0.13815172654886784, 0.17082384504831466, 0.13182126402271999], [0.1394373134700827, 0.11970202795965777, 0.11842597165954914], [0.10463436525885993, 0.10035425032044826, 0.040624519804305426], [0.24551637482659466, 0.15192355602206623, 0.08612555072332724], [0.10389044302260775, 0.10347777794330039, 0.19488751896261813], [0.14946558752492844, 0.11404243745490823, 0.17232581932135527]], [[34.173814680604714, 32.60694586286961, 32.59882826592183], [35.81333496911871, 34.9893443508121, 34.985211007029974], [34.06928105209031, 17.192004347067197, 17.109716700584304], [34.82494180010459, 33.95620710097128, 33.95198828344599], [34.24068652245054, 33.36879886163825, 33.364390295393136], [34.33648908502247, 33.97600279577156, 33.974185009024175], [34.929688579657466, 34.58958815461271, 34.58784465298453], [34.36443818568937, 33.57332222740324, 33.569347414646856], [35.22117680322741, 34.63559454910271, 34.632700045944894], [34.560456931050325, 34.099564969758326, 34.09715320063195]]], "0.03": [[[19282, 19255, 2919, 2777], [19214, 19269, 2980, 2770], [19032, 19230, 3053, 2765], [19054, 19248, 3018, 2785]], [[2.22, 2.26], [2.015, 2.01], [2.22, 2.145], [2.185, 2.355]], [[15.584654013675104, 15.534900136784294, 0.9854583595571561], [11.81527266341709, 12.063718452714362, 0.9906438978455226], [15.864062116179884, 15.947266596645386, 0.9963569987775615], [29.64137766820998, 29.28483679840466, 0.9931038016611156]], [[35.48221666464441, 6.433431179148422, 6.287960317176265], [35.17337722658863, 8.063795786078957, 7.919963652665974], [35.75549933514237, 6.59886244089449, 6.449158173953583], [35.880432856899034, 4.785754977634355, 4.619446475408055]]], "0.045": [[[20301, 20405, 2732, 2580], [20082, 19736, 2849, 2559], [19915, 19954, 2854, 2646], [20000, 20246, 2745, 2616], [19971, 20132, 2799, 2459], [20189, 20179, 2726, 2584], [19881, 20199, 2734, 2614], [19795, 20184, 2578, 2486], [19942, 20253, 2685, 2695], [19717, 19970, 2711, 2569]], [[2.41, 2.335], [2.39, 2.375], [2.415, 2.4], [2.27, 2.4], [2.545, 2.485], [2.51, 2.27], [2.275, 2.51], [2.325, 2.445], [2.5, 2.485], [2.32, 2.32]], [[0.12416856409225342, 0.13903599545074102, 0.17533667345812806], [1.7573899321338013, 1.6830508734396823, 0.9396349071912845], [0.1074510257793931, 0.13914442325763088, 0.18582748657884895], [0.10508680093784996, 0.09988248978440943, 0.06466303222159765], [0.11108242621187571, 0.12119110325934462, 0.2554905743461793], [0.08379557558528009, 0.11045850156687961, 0.2706566213240362], [0.9081393865134451, 1.0048743044289252, 0.8630588571319583], [0.1742075890453016, 0.10129648290490924, 0.023218084191808683], [0.13610869518301358, 0.19046644772085122, -0.053623010188860495], [0.4231367488645874, 0.4678930993686602, 0.8039929576992604]], [[35.050178192887955, 33.42193898986255, 33.41381876684956], [34.381458087942015, 26.06953912958611, 26.026670477012964], [35.34381374451613, 34.43191071042958, 34.427245638114385], [35.653242672405796, 34.88136876783332, 34.87743490410364], [34.976567051060314, 34.245719901587954, 34.241941840693364], [35.98023000304263, 34.90368324118266, 34.89801355676237], [34.462968147753855, 26.490951713091622, 26.450752073755325], [35.171296843487966, 34.20415225671522, 34.199184494773114], [33.48340047304465, 33.15387923029708, 33.15215971084745], [34.73946365776062, 32.87365399417085, 32.86472859173571]]], "0.035": [[[19761, 19544, 2791, 2515], [19682, 19457, 2666, 2360], [19637, 20043, 2899, 2567], [19608, 20010, 2777, 2527], [19484, 19673, 2825, 2662], [19913, 19852, 2725, 2532], [19263, 19771, 2678, 2563], [19539, 19390, 2784, 2538], [19323, 19603, 2733, 2567], [19562, 19972, 2748, 2611]], [[2.21, 2.16], [2.19, 2.07], [1.995, 2.16], [2.165, 2.135], [2.21, 2.39], [2.275, 2.18], [1.945, 2.2], [2.18, 2.245], [2.13, 2.23], [2.205, 2.265]], [[5.620950939820855, 5.546526379713741, 0.9755630899926063], [5.526574804283289, 5.548968589776366, 0.9853256208300282], [20.746746044329804, 20.04760230786302, 0.9947975893091425], [12.534236570315324, 12.465472159050552, 0.9891371848651873], [6.345344224993496, 6.614836932477883, 0.9891057651596759], [0.6898118036875347, 0.7310974000339886, 0.8758878275130323], [5.9370440155387225, 5.864607260748492, 0.9889508058343415], [7.109121802789132, 7.1680503283812955, 0.9883572642325589], [18.11072835523537, 18.206599247602938, 0.9862923887748957], [9.256227795049602, 9.281399897599913, 0.980917899203699]], [[35.11215843168743, 17.424155089894157, 17.329722217843514], [35.71551176274115, 13.755680647958714, 13.642351992530738], [34.668331061620435, 7.771965352693947, 7.632841622462506], [34.94559156986688, 8.161798010260556, 8.018636923907092], [36.717127648868356, 14.28758388451137, 14.166116939913827], [35.46884941894618, 31.288996365310677, 31.267713262998313], [36.58566829012606, 11.750657731715947, 11.626269045365273], [34.562094634285614, 12.368169253608343, 12.252039905163404], [35.313590410469494, 7.339937616934203, 7.196835118104135], [34.515247445386365, 7.387127029021677, 7.244475335072657]]], "0.04": [[[20050, 19995, 2810, 2612], [19580, 19809, 2644, 2467], [19625, 20051, 2720, 2505], [19533, 20139, 2717, 2553], [19688, 19962, 2737, 2514], [19511, 19635, 2770, 2630], [19882, 20256, 2719, 2601], [19893, 20041, 2733, 2458], [19918, 19844, 2769, 2525], [19807, 19879, 2714, 2459]], [[2.325, 2.22], [2.365, 2.235], [2.265, 2.36], [2.17, 2.335], [2.385, 2.465], [2.22, 2.305], [2.235, 2.25], [2.26, 2.25], [2.085, 2.185], [2.38, 2.26]], [[2.623656696679782, 2.5142562697698305, 0.9600895992473143], [3.4190121816943826, 3.2712113611175426, 0.9677309533282753], [2.831091704515551, 2.662083703294684, 0.9606761679780312], [1.0603582466212362, 1.0498333672857805, 0.9000420995470454], [2.9792599480850908, 2.9841746429796983, 0.9789682234561381], [7.86050392208466, 7.858098807517222, 0.9767847515346482], [0.2207380235871545, 0.16621267118768807, 0.45748129744106436], [1.6988571588529475, 1.6732149896002966, 0.9423853290280884], [0.1981890573277621, 0.20219093648629613, 0.4204751721590009], [1.7983167901080799, 1.6276714976878326, 0.9410942144590331]], [[35.40553804043205, 20.23775617754976, 20.161706840457956], [33.82638306674545, 17.614163350266864, 17.533016712493655], [34.18508386095604, 14.364291789867679, 14.258983988506376], [34.84916867459823, 26.46643310020882, 26.42319697905425], [35.4950878088495, 20.4169233049718, 20.339716049655163], [34.530860553646896, 11.031069867911658, 10.902819719552832], [34.378096549241235, 31.005235156156367, 30.987112822043827], [34.9967025053434, 17.20324262231943, 17.110911844572083], [34.6063847222162, 31.3897029150884, 31.373826520052834], [35.37157297523884, 16.071347932869397, 15.968448751176199]]]}